source_id,claim_area,claim_type,claim_text,source_speaker,verification_status,authority_level,source_date,as_of_date,url_or_path,used_by_agent,used_by_skill,confidence,upstream_sources,notes,evidence_category,freshness_status,conflict_status,treatment,readiness_impact,source_language,translation_basis
hithink_finance_api,valuation,market_pricing,600183 估值 2026-10-04: PE(TTM)=60.771376 PE(MRQ)=48.018786 PB(MRQ)=17.061808 PS(TTM)=9.07711 PCF(TTM)=50.006673，收盘 129.96,market,verified,L5,2026-10-04,2026-10-04,hithink-finance://valuation/snapshot,mira_data,research-loop,medium,not_applicable,PE/PB/PS/PCF 快照；PB 为 MRQ 口径,market_pricing,acceptable_for_period,not_checked,use_normally,supports_working_view,zh-CN,mira_translation
hithink_finance_api,valuation,market_pricing,002463 估值 2026-10-04: PE(TTM)=44.064081 PE(MRQ)=38.156664 PB(MRQ)=12.401412 PS(TTM)=9.241271 PCF(TTM)=76.264399，收盘 115.93,market,verified,L5,2026-10-04,2026-10-04,hithink-finance://valuation/snapshot,mira_data,research-loop,medium,not_applicable,PE/PB/PS/PCF 快照；PB 为 MRQ 口径,market_pricing,acceptable_for_period,not_checked,use_normally,supports_working_view,zh-CN,mira_translation
hithink_finance_api,valuation,market_pricing,300476 估值 2026-10-04: PE(TTM)=41.124979 PE(MRQ)=36.173546 PB(MRQ)=5.451951 PS(TTM)=9.400259 PCF(TTM)=32.683331，收盘 210.3,market,verified,L5,2026-10-04,2026-10-04,hithink-finance://valuation/snapshot,mira_data,research-loop,medium,not_applicable,PE/PB/PS/PCF 快照；PB 为 MRQ 口径,market_pricing,acceptable_for_period,not_checked,use_normally,supports_working_view,zh-CN,mira_translation
hithink_finance_api,profitability,reported_metric,600183 FY2025: 毛利率=26.4727% 净利率=13.6888% ROE(加权)=21.25% 扣非ROE=20.23% 总资产周转=0.9412 存货周转=3.8338 营收YoY=39.45%(年报同比) 长期负债/权益=10.64% 资产负债率=42.29%,market,verified,L5,2025-12-31,2026-10-04,hithink-finance://financials/indicators?report=2025-4,mira_data,research-loop,medium,hithink_finance_financials_api:600183,"毛利率经独立复算一致 (gross_profit/revenue); 杠杆为 vendor 发布值, 无法独立复算",reported_fact,acceptable_for_period,not_checked,use_normally,supports_working_view,zh-CN,mira_translation
hithink_finance_api,profitability,reported_metric,002463 FY2025: 毛利率=35.4756% 净利率=20.1564% ROE(加权)=28.57% 扣非ROE=28.11% 总资产周转=0.7665 存货周转=3.6589 营收YoY=42.00%(年报同比) 长期负债/权益=15.89% 资产负债率=46.46%,market,verified,L5,2025-12-31,2026-10-04,hithink-finance://financials/indicators?report=2025-4,mira_data,research-loop,medium,hithink_finance_financials_api:002463,"毛利率经独立复算一致 (gross_profit/revenue); 杠杆为 vendor 发布值, 无法独立复算",reported_fact,acceptable_for_period,not_checked,use_normally,supports_working_view,zh-CN,mira_translation
hithink_finance_api,profitability,reported_metric,300476 FY2025: 毛利率=35.2235% 净利率=22.3508% ROE(加权)=35.56% 扣非ROE=35.49% 总资产周转=0.709 存货周转=4.7993 营收YoY=79.77%(年报同比) 长期负债/权益=27.61% 资产负债率=52.85%,market,verified,L5,2025-12-31,2026-10-04,hithink-finance://financials/indicators?report=2025-4,mira_data,research-loop,medium,hithink_finance_financials_api:300476,"毛利率经独立复算一致 (gross_profit/revenue); 杠杆为 vendor 发布值, 无法独立复算",reported_fact,acceptable_for_period,not_checked,use_normally,supports_working_view,zh-CN,mira_translation
eastmoney_consensus_api,consensus,forecast,"600183 一致预期: EPS FY2026E=2.87 FY2027E=4.45 FY2028E=5.98 (26->28 复合 44.3%), 目标价 101.1-210 (区间宽度 107.7%), 近6月 17 篇评级(14 买入)",market,verified,L5,2026-10-04,2026-10-04,eastmoney://consensus_estimate,mira_data,research-loop,medium,not_applicable,卖方一致预期; 非公司指引,estimate,acceptable_for_period,not_checked,use_normally,supports_working_view,zh-CN,mira_translation
eastmoney_consensus_api,consensus,forecast,"002463 一致预期: EPS FY2026E=3.37 FY2027E=5.33 FY2028E=7.65 (26->28 复合 50.7%), 目标价 101.0-161.75 (区间宽度 60.1%), 近6月 20 篇评级(18 买入)",market,verified,L5,2026-10-04,2026-10-04,eastmoney://consensus_estimate,mira_data,research-loop,medium,not_applicable,卖方一致预期; 非公司指引,estimate,acceptable_for_period,not_checked,use_normally,supports_working_view,zh-CN,mira_translation
eastmoney_consensus_api,consensus,forecast,"300476 一致预期: EPS FY2026E=8.87 FY2027E=15.26 FY2028E=22.91 (26->28 复合 60.7%), 目标价 360.0-389.0 (区间宽度 8.1%), 近6月 13 篇评级(10 买入)",market,verified,L5,2026-10-04,2026-10-04,eastmoney://consensus_estimate,mira_data,research-loop,medium,not_applicable,卖方一致预期; 非公司指引,estimate,acceptable_for_period,not_checked,use_normally,supports_working_view,zh-CN,mira_translation
cninfo_announcement_api,ownership,reported_metric,"600183 股东户数 343,008 户 (2026-06-30, L1 定期报告正文)",issuer,verified,L1,2026-06-30,2026-10-04,cninfo://periodic-report,mira_data,research-loop,high,cninfo_announcement_api:600183,L1 直接从报告正文抽取,verified_fact,acceptable_for_period,not_checked,use_normally,supports_working_view,zh-CN,mira_translation
eastmoney_insider_api,insider,reported_metric,"600183 董监高持股变动 2026-09-21: -100,000 股 / -14,581,700 元, 均价 145.817, 变动后持股 2,145,450 股",market,verified,L5,2026-09-21,2026-10-04,eastmoney://insider,mira_data,research-loop,medium,not_applicable,L5 转发; 非 L1 公告原文,reported_fact,acceptable_for_period,not_checked,use_normally,supports_working_view,zh-CN,mira_translation
eastmoney_insider_api,insider,reported_metric,"002463 董监高持股变动 2025-11-18: -5,000 股 / -313,800 元, 均价 62.76, 变动后持股 586,700 股",market,verified,L5,2025-11-18,2026-10-04,eastmoney://insider,mira_data,research-loop,medium,not_applicable,L5 转发; 非 L1 公告原文,reported_fact,acceptable_for_period,not_checked,use_normally,supports_working_view,zh-CN,mira_translation
eastmoney_insider_api,insider,reported_metric,"300476 董监高持股变动 2025-08-01: -19,300 股 / -3,682,440 元, 均价 190.8, 变动后持股 1,991,300 股",market,verified,L5,2025-08-01,2026-10-04,eastmoney://insider,mira_data,research-loop,medium,not_applicable,L5 转发; 非 L1 公告原文,reported_fact,acceptable_for_period,not_checked,use_normally,supports_working_view,zh-CN,mira_translation
sse_margin_api,margin,fact,"600183 两融 2026-09-30: 融资余额 4,647,034,979 元, 融资买入 346,173,038, 融资偿还 399,070,596 → 净 -52,897,558 元; 融券余量 392,499 股",exchange,verified,L2,2026-09-30,2026-10-04,sse-margin://query,mira_data,research-loop,high,sse_margin_api:600183,"上交所 L2, 精确到元",verified_fact,acceptable_for_period,not_checked,use_normally,supports_working_view,zh-CN,mira_translation
szse_margin_api,margin,reported_metric,"002463 两融 2026-09-29: 融资余额 4,957,000,000 元, 融资买入 292,000,000, 融券余量 181,700 股",exchange,verified,L2,2026-09-29,2026-10-04,szse-margin://report,mira_data,research-loop,medium,szse_margin_api:002463,"深交所口径: 数值四舍五入至百万级且不提供融资偿还额, 故无法计算净额; 精度差异使沪深个券两融不可直接同精度比较",reported_fact,acceptable_for_period,not_checked,use_normally,supports_working_view,zh-CN,mira_translation
szse_margin_api,margin,reported_metric,"300476 两融 2026-09-29: 融资余额 16,974,000,000 元, 融资买入 434,000,000, 融券余量 117,300 股",exchange,verified,L2,2026-09-29,2026-10-04,szse-margin://report,mira_data,research-loop,medium,szse_margin_api:300476,"深交所口径: 数值四舍五入至百万级且不提供融资偿还额, 故无法计算净额; 精度差异使沪深个券两融不可直接同精度比较",reported_fact,acceptable_for_period,not_checked,use_normally,supports_working_view,zh-CN,mira_translation
eastmoney_share_pledge_api,ownership,reported_metric,"600183 股权质押比例 0.00% — 最后观测 2021-02-19 (staleness 2053 天), 其后不在质押名册",market,verified,L5,2021-02-19,2026-10-04,eastmoney://share-pledge,mira_data,research-loop,low,not_applicable,"陈旧观测: 公司停止质押后即从名册消失, 非当前值; 按协议因陈旧降级 evidence_category 并 haircut",stale,stale,not_checked,haircut,supports_working_view,zh-CN,mira_translation
eastmoney_share_pledge_api,ownership,reported_metric,300476 股权质押比例 0.22% (2026-09-30),market,verified,L5,2026-09-30,2026-10-04,eastmoney://share-pledge,mira_data,research-loop,medium,not_applicable,最新观测,reported_fact,acceptable_for_period,not_checked,use_normally,supports_working_view,zh-CN,mira_translation
yahoo_chart_api_v8,technical,market_pricing,600183 技术面 (基准 000300.SS [auto]): 趋势=range_constructive 均线=mixed 量能=light 得分=44 3月相对收益=-5.02% 收盘=129.96 首个支撑=129.13 次支撑=102.49 近期压力=134.75 触发位=157.5,market,verified,L5,2026-09-30,2026-10-04,derived://tools/mira_data/technical,mira_data,research-loop,medium,csindex_index_api:000300;yahoo_chart_api_v8,"基准由 cn_symbols 路由自动选定并已标注; 指数基准取自中证官方源; 技术状态为价格行为的启发式读数, 非需 ledger 的派生计算",market_pricing,acceptable_for_period,not_checked,use_normally,supports_working_view,zh-CN,mira_translation
yahoo_chart_api_v8,technical,market_pricing,002463 技术面 (基准 000300.SS [auto]): 趋势=range_constructive 均线=mixed 量能=light 得分=44 3月相对收益=-1.72% 收盘=115.93 首个支撑=110.59 次支撑=102.01 近期压力=118.94 触发位=131.25,market,verified,L5,2026-09-30,2026-10-04,derived://tools/mira_data/technical,mira_data,research-loop,medium,csindex_index_api:000300;yahoo_chart_api_v8,"基准由 cn_symbols 路由自动选定并已标注; 指数基准取自中证官方源; 技术状态为价格行为的启发式读数, 非需 ledger 的派生计算",market_pricing,acceptable_for_period,not_checked,use_normally,supports_working_view,zh-CN,mira_translation
yahoo_chart_api_v8,technical,market_pricing,300476 技术面 (基准 000300.SS [auto]): 趋势=downtrend_confirmed 均线=bearish_stack 量能=normal 得分=18 3月相对收益=-21.85% 收盘=210.3 首个支撑=208.43 次支撑=n/a 近期压力=228.06 触发位=252.0,market,verified,L5,2026-09-30,2026-10-04,derived://tools/mira_data/technical,mira_data,research-loop,medium,csindex_index_api:000300;yahoo_chart_api_v8,"基准由 cn_symbols 路由自动选定并已标注; 指数基准取自中证官方源; 技术状态为价格行为的启发式读数, 非需 ledger 的派生计算",market_pricing,acceptable_for_period,not_checked,use_normally,supports_working_view,zh-CN,mira_translation
