claim_id,claim_text,claim_type,source_speaker,source_ref,as_of_date,verification_status,evidence_category,freshness_status,conflict_status,treatment,readiness_impact,confidence
P01,"2026-09-30 close 202.31 CNY, -4.84% d/d, volume 26,524,480 shares, turnover 54.34亿元; 2026-10-01/02 are National Day holidays so this is the latest trade",market_data,"hithink-finance market.snapshot + market.history","raw/snapshot.json, raw/history_raw.json",2026-09-30,verified,"verified_fact",current,none,use_normally,supports_durable_conclusion,high
P02,"Total share capital after full greenshoe exercise = 1,222,200,021 shares; pre-IPO A-share capital 1,146,426,521; H-share issue 65,890,000 plus 9,883,500 greenshoe",company_filing,"澜起科技 关于H股挂牌并上市交易的公告 (公告编号2026-010); 关于悉数行使超额配售权的公告","pdftext/2026-02-10_...H股挂牌并上市交易的公告.txt",2026-02-10,verified,"verified_fact",current,none,use_normally,supports_durable_conclusion,high
P03,"2026-06-30 total share capital 1,220,538,021 of which 11,781,000 held in the buyback special account; dividend record date base therefore 1,208,757,021 shares",company_filing,"2026年半年度报告 摘要 §1.6; 2026年中期利润分配方案公告","pdftext/2026-08-29_...中期利润分配方案公告.txt",2026-08-29,verified,"verified_fact",current,none,use_normally,supports_durable_conclusion,high
P04,"Corrected total market cap at 202.31 = 2,472.6亿元. Cross-checks: PB 11.49x vs served 11.476; PE_MRQ 61.90x vs served 61.813",derived_metric,"Mira calculation; validated against hithink-finance valuation.snapshot","final_metrics.py §A; raw/valuation.json",2026-09-30,calculated,"estimate",current,none,use_normally,supports_durable_conclusion,high
P05,"2026H1 revenue 33.35亿元 (+26.66%), 归母净利 19.97亿元 (+72.33%), 扣非归母 13.22亿元 (+21.17%), 基本EPS 1.69, 扣非EPS 1.12 (+16.67%)",company_filing,"2026年半年度报告 §二(二) 主要财务指标","pdftext/2026-08-29_...半年度报告.txt",2026-08-29,verified,"verified_fact",current,none,use_normally,supports_durable_conclusion,high
P06,"2026H1 非经常性损益合计 6.749亿元 (2025H1 仅 0.68亿元); 其中金融资产公允价值变动及处置损益 6.873亿元, 政府补助 0.058亿, 结构性存款等 0.060亿, 减 所得税影响 0.237亿及少数股东 0.004亿",company_filing,"2026年半年度报告 §八 非经常性损益项目和金额","pdftext/2026-08-29_...半年度报告.txt L491-511",2026-08-29,verified,"verified_fact",current,none,use_normally,supports_durable_conclusion,high
P07,"Non-recurring items were 34% of 2026H1 归母净利 (6.75/19.97) versus 5.9% in 2025H1 (0.68/11.59) — headline growth of +72.3% overstates core momentum materially",derived_metric,"Mira calculation from P05+P06","final_metrics.py §C",2026-09-30,calculated,"estimate",current,none,use_normally,supports_durable_conclusion,high
P08,"2026H1 投资收益及公允价值变动收益合计 6.82亿元, 同比增长 5,939.4%; main driver was disposal gains on other non-current financial assets plus fair-value gains on investee companies",company_filing,"2026年半年度报告 §三(一) 及 附注(七)68/70","pdftext/2026-08-29_...半年度报告.txt L486, L2084-2085, L3717, L6688",2026-08-29,verified,"verified_fact",current,none,use_normally,supports_durable_conclusion,high
P09,"2026H1 FX loss 1.74亿元 versus 0.07亿元 in 2025H1 — driven by RMB appreciation against USD on foreign-currency assets, principally the H-share proceeds. FY2025 FX loss was 0.4075亿元",company_filing,"2026年半年度报告 §三(一); 2025年年度报告 风险因素","pdftext/2026-08-29_...半年度报告.txt L1269-1271; 2025年报 L2275",2026-08-29,verified,"verified_fact",current,none,use_normally,supports_durable_conclusion,high
P10,"2026H1 股份支付费用 1.91亿元, 计入经常性损益, 税后影响 1.827亿元; 剔除股份支付后 归母净利 21.80亿元 (+63.6%), 剔除股份支付后的扣非归母 15.05亿元 (+19.0%)",company_filing,"2026年半年度报告 §二(九)(十), §三(一)","pdftext/2026-08-29_...半年度报告.txt L519-536, L1274-1278",2026-08-29,verified,"verified_fact",current,none,use_normally,supports_durable_conclusion,high
P11,"2026H1 segment (primary source): 互连类芯片 revenue 31.11亿元, cost 9.55亿元, GM 69.3% (99.0% of gross profit); 津逮产品 revenue 2.20亿元, cost 1.99亿元, GM 9.7% (1.0% of gross profit); 租赁 0.042亿元 GM 30.5%",company_filing,"2026年半年度报告 附注 营业收入/营业成本分解","pdftext/2026-08-29_...半年度报告.txt L6578-6585",2026-06-30,verified,"verified_fact",current,none,use_normally,supports_durable_conclusion,high
P12,"津逮 single-quarter revenue 0.42亿元 in 2026Q1 -> 1.78亿元 in 2026Q2 (+324% qoq, derived). This mix shift, not pricing, explains the Q1->Q2 total gross-margin fall from 69.79% to 61.83%",derived_metric,"Mira calculation; 津逮 Q1 figure from company segment disclosure","final_metrics.py §D",2026-09-30,calculated,"estimate",current,none,use_normally,supports_durable_conclusion,medium
P13,"2026H1 geography: 境内(含香港) revenue 10.11亿元 GM 53.3%; 境外 revenue 23.20亿元 GM 70.6% (69.6% of revenue)",company_filing,"2026年半年度报告 附注 营业收入分解","pdftext/2026-08-29_...半年度报告.txt L6581-6582",2026-06-30,verified,"verified_fact",current,none,use_normally,supports_durable_conclusion,high
P14,"2026Q2 single quarter: revenue 18.75亿元 (+32.8% yoy, +28.3% qoq), 归母净利 11.50亿元 (+81.5% yoy, +35.7% qoq), 剔除股份支付后归母 12.38亿元 (+69.2%), 互连类收入 16.94亿元 GM 67.4%",company_filing,"2026年半年度报告 §三(一)2","pdftext/2026-08-29_...半年度报告.txt L1279-1286",2026-08-29,verified,"verified_fact",current,none,use_normally,supports_durable_conclusion,high
P15,"FY2025: revenue 54.56亿元 (+49.94%), 营业利润 23.22亿元 (+64.33%), 归母净利 22.36亿元 (+58.35%), 扣非归母 20.22亿元 (+61.95%), 加权ROE 18.25%, basic EPS 1.97",company_filing,"澜起科技2025年度业绩快报公告 (2026-013)","pdftext/2026-02-28_...业绩快报公告.txt",2026-02-28,verified,"verified_fact",acceptable_for_period,none,use_normally,supports_durable_conclusion,high
P16,"FY2025 segment: 互连类芯片 51.39亿元 (+53.4%) GM 65.6%; 津逮产品线 3.08亿元 (+10.25%). FY2025 股份支付费用 4.31亿元, 税后影响 4.12亿元; 剔除后归母净利 26.47亿元 (+80.98%)",company_filing,"2025年度业绩快报; 2025年年度报告 L1397-1424","pdftext/2026-02-28_...业绩快报公告.txt; 2025年报",2026-02-28,verified,"verified_fact",acceptable_for_period,none,use_normally,supports_durable_conclusion,high
P17,"Korean prosecution raid: on 2026-07-15 the Seoul Central District Prosecutors' Office Fair Trade Investigation Division conducted an on-site search and evidence seizure at Montage's Korea office over potential antitrust violations. No charges filed against the company, directors or employees as of the disclosure date; timing and outcome not predictable",company_filing,"澜起科技 关于配合韩国相关调查的说明公告 (公告编号2026-040)","pdftext/2026-07-17_...配合韩国相关调查的说明公告.txt",2026-07-17,verified,"verified_fact",current,none,sensitize,blocks_actionability,high
P17b,"SCOPE CORRECTION — the raid was NOT Montage-specific. Yonhap (2026-07-15 17:37 KST) reports the same division raided the Korean offices of ALL THREE global memory-interface suppliers on the same day: Montage Technology (China), Renesas Electronics (Japan) and Rambus (US), on suspicion of violating the Fair Trade Act by COLLUDING ON PRICES (담합) when supplying components to Samsung Electronics, SK hynix and Micron. Prosecutors seized mobile phones from officials of some of the companies. Case lead: chief prosecutor Na Hee-seok (나희석)",third_party_primary_news,"연합뉴스 Yonhap News https://www.yna.co.kr/view/AKR20260715163500004","raw/korea_cartel_yonhap.txt",2026-07-15,verified,"verified_fact",current,none,use_normally,blocks_actionability,high
P17c,"Independent English confirmation of P17b: Seoul Economic Daily reports 'Prosecutors Raid Three Global Chip Suppliers Over Price-Fixing', names the product as memory interface chips (MIC), and repeats the Samsung/SK hynix/Micron customer set",third_party_primary_news,"Seoul Economic Daily https://en.sedaily.com/society/2026/07/15/prosecutors-raid-three-global-chip-suppliers-over-price","raw/korea_cartel_sedaily.txt",2026-07-15,verified,"verified_fact",current,none,use_normally,blocks_actionability,high
P17d,"The company's own disclosure (P17) names only its own Korea office and uses the neutral phrase '潜在的违反反垄断相关法规'; it does NOT disclose that Renesas and Rambus were raided the same day, nor that the alleged conduct is price-fixing under the Fair Trade Act. The company filing is therefore accurate but materially incomplete on scope",derived_metric,"Mira comparison of company filing (P17) against wire reporting (P17b/P17c)","investment-memo.md §2.7",2026-10-02,calculated,"inference",current,none,sensitize,blocks_actionability,high
P17e,"Prior-probability read: a criminal-referral cartel probe naming all three members of a CR3>90% oligopoly on the same day points to alleged COORDINATED conduct rather than one firm's misconduct. This makes the risk a threat to the SOURCE of the 69.3% interconnect gross margin (behavioural remedies, customer supply diversification), not merely a fine. It also means the high, rising, never-price-warred margins across the oligopoly now have an alternative hypothesis that was not considered in the first draft",derived_metric,"Mira inference from P17b/P17c plus margin history (E/P-statement series)","investment-memo.md §2.7, J3",2026-10-02,calculated,"inference",current,none,sensitize,blocks_actionability,medium
P17f,"Counterweight that must travel with P17b/P17e: this remains an allegation ('혐의'), not a finding. No company or individual has been charged. Antitrust matters in Korea usually end in KFTC fines; a direct criminal referral is less common. Even a worst-case fine is not an existential threat given net cash of 133.7亿元 — the real damage channel is behavioural remedies and customer de-concentration, not the penalty",derived_metric,"Mira judgement","investment-memo.md §2.7",2026-10-02,calculated,"inference",current,none,sensitize,supports_working_view,medium
P17g,"Reporting on the cartel probe was NOT obtainable in the first pass because web_search was broken at the harness level; the scope error (P17 vs P17b) persisted until the endpoint was fixed and the wire report was retrieved",open_item,"Mira environment note","case-notes.md",2026-10-02,verified,"verified_fact",current,none,open_item,blocks_publication,high
P18,"The 2026 Korean raid was disclosed 2026-07-17. It was NOT flagged in the parallel news-research stream, which asserted 'no regulatory inquiry/litigation/penalty' in 2026 — that assertion is CONTRADICTED by the primary filing",contradicted,"Mira cross-check of primary filing vs subagent research summary","pdftext/2026-07-17_...配合韩国相关调查的说明公告.txt",2026-10-02,verified,"contradicted",current,contradicted,exclude,blocks_actionability,high
P19,"H-share listing: 06809.HK, offer price HK$106.89, 65,890,000 shares, listed on HKEX Main Board 2026-02-09; net proceeds before greenshoe ~HK$69.05亿元; greenshoe (9,883,500 shares) fully exercised 2026-02-11",company_filing,"关于H股公开发行价格的公告; 关于H股挂牌并上市交易的公告; 关于悉数行使超额配售权的公告","raw/cninfo_announcements.json; pdftext/2026-02-10_...",2026-02-10,verified,"verified_fact",current,none,use_normally,supports_durable_conclusion,high
P20,"The ~79亿元 one-quarter equity increase in 2026Q1 is explained by the H-share IPO: board equity 128.71亿元 (2025-12) -> 207.75亿元 (2026-03); H1 2026 financing cash inflow +72.22亿元; the H1 report itself states net-asset growth of 66.5% was '主要是由于公司发行H股收到募集资金所致'",company_filing + derived,"2026年半年度报告 §二(二)说明; balance-sheet and cash-flow series","pdftext/2026-08-29_...半年度报告.txt L487-488; final_metrics.py",2026-06-30,verified,"verified_fact",current,none,use_normally,supports_durable_conclusion,high
P21,"XConn disposal: Montage's wholly-owned Cayman sub held 13.075% of XConn Technologies; Marvell agreed to acquire XConn for a base total consideration of US$540m; Montage's share expected US$58-65m against ~US$8.97m initial cost (152-182% premium over 2025-09-30 book value); 60% cash / 40% Marvell stock at US$88.3554",company_filing,"澜起科技 关于出售资产的公告 (公告编号2026-003)","pdftext/2026-01-07_...出售资产的公告.txt",2026-01-07,verified,"verified_fact",current,none,use_normally,supports_durable_conclusion,high
P22,"Buyback: RMB 300-600m programme authorised, price cap RMB 332.90; as of 2026-09-30 2,088,000 shares (0.17%) repurchased for RMB 410.2m at RMB 184.14-210.00; window to 2026-10-23",company_filing + third-party,"关于以集中竞价交易方式回购A股股份的回购报告书; 回购进展公告","raw/cninfo_announcements.json (2026-07-24, 2026-07-30, 2026-10-01)",2026-10-01,reported,"reported_fact",current,none,attribute,supports_working_view,medium
P23,"Shareholder reduction: 2026-09-25 WLT Partners plan to sell up to 2,330,000 shares (0.19%), window 2026-11-02 to 2027-02-01. Prior 2026-05-28 询价转让 of 12,228,000 shares (1.00%) at RMB 250.08; earlier 上海融迎 11,451,451 shares at RMB 112.79-155.52",company_filing,"股东减持股份计划公告; 股东询价转让结果报告书; 集中竞价减持结果公告","raw/cninfo_announcements.json (2026-09-25, 2026-05-29, 2025-09-11, 2026-01-10)",2026-09-25,verified,"verified_fact",current,none,use_normally,supports_working_view,high
P24,"Shareholder structure at 2026-06-30: company has NO controlling shareholder and NO actual controller. Largest holders: 香港中央结算(陆股通) 11.93%, HKSCC NOMINEES(H股) 6.20%, WLT Partners 3.68%, 中国电子投资控股(国有法人) 2.43%, 上海融迎 2.10%; several STAR/半导体/AI index ETFs in the top 10; 260,865 shareholders",company_filing,"2026年半年度报告 摘要 §2.3","pdftext/2026-08-29_...半年度报告摘要.txt L88-138",2026-06-30,verified,"verified_fact",current,none,use_normally,supports_durable_conclusion,high
P25,"2026 interim dividend RMB 0.20/share (每10股派2.00元), total RMB 241,751,404.20, = 12.10% of 2026H1 归母净利; no stock dividend, no capitalisation",company_filing,"2026年中期利润分配方案公告 (2026-049); 2026年半年度报告摘要 §1.6","pdftext/2026-08-29_...中期利润分配方案公告.txt",2026-08-29,verified,"verified_fact",current,none,use_normally,supports_durable_conclusion,high
P26,"DDR5 roadmap: 2026H1 第三+第四子代 RCD 合计出货占比突破50%, 第五子代开始规模出货; 2026年6月向客户送样第六子代 RCD (9200 MT/s); DDR6 第一子代内存互连产品已启动预研",company_filing,"2026年半年度报告 §三(二)1","pdftext/2026-08-29_...半年度报告.txt L1288-1298",2026-08-29,verified,"verified_fact",current,none,use_normally,supports_durable_conclusion,high
P27,"2026H1 four new interconnect products (MRCD/MDB, PCIe Retimer, CKD, CXL MXC) combined revenue 5.38亿元, +80.7% yoy; 互连类芯片 total 31.11亿元 (+26.4%)",company_filing,"2026年半年度报告 §三(一)","pdftext/2026-08-29_...半年度报告.txt L1262-1264",2026-08-29,verified,"verified_fact",current,none,use_normally,supports_durable_conclusion,high
P28,"No numeric 2026 company guidance exists; the 2026 operating plan in the annual report is qualitative only (complete DDR5 Gen6 RCD and Gen3 MRCD/MDB, start DDR6 Gen1 engineering, tape out PCIe 7.0 Retimer / PCIe Switch / Ethernet PHY Retimer)",company_statement,"2025年年度报告 经营计划; verified absent from all 2026 filings","pdftext/2026-03-31_...2025年年度报告.txt; raw/cninfo_announcements.json",2026-10-02,verified,"company_statement",current,none,use_normally,supports_working_view,high
F01,"Third-party consensus (THS F10, 17 institutions, as of 2026-09-30): 2026E 归母净利 35.22亿元 (range 29.30-40.88), EPS 2.89, revenue 74.26亿元; 2027E 46.77亿元, EPS 3.83; 2028E 62.38亿元, EPS 5.11",third_party_forecast,"同花顺 F10 consensus aggregated 17 institutions","reported by fundamentals research stream",2026-09-30,unverified,"estimate",current,not_checked,attribute,supports_working_view,medium
F02,"Individual sell-side 2026E 归母净利: 华泰 38.92亿 (2026-09-03), 财信 37.83亿 (09-01), 国海 40.88亿 (08-31), 中国银河 39.72亿 (08-31), 国信 36.17亿 (08-30), 开源 38.76亿 (08-30), 中航 31.81亿 (07-25), 浙商 34.61亿 (06-05), 天风 31.96亿 (05-29)",third_party_forecast,"sell-side notes as reported by research stream","reported by fundamentals research stream",2026-09-30,unverified,"estimate",current,not_checked,attribute,supports_working_view,medium
F03,"Target prices conflict: Morgan Stanley RMB 377 vs Bernstein RMB 400 (2026-09-21) — a 6% spread with no reconciliation available",contradicted,"sell-side notes as reported by research stream","reported by fundamentals research stream",2026-09-21,unverified,"contradicted",current,unresolved,exclude,blocks_actionability,low
F04,"Market share: only prospectus-grade figure is 36.8% (2024, #1 global, Frost & Sullivan cited in H-share prospectus). Media/retail claims of 41%/43-45%/46% are unsourced. CR3 (Montage + Renesas + Rambus) >90%; no Chinese mass-production competitor exists",third_party_forecast,"Frost & Sullivan via H-share prospectus; research stream","reported by fundamentals research stream",2026-10-02,unverified,"reported_fact",current,unresolved,attribute,supports_working_view,medium
M01,"TTM (2025Q3-2026Q2) revenue 61.58亿元; TTM reported 归母 30.74亿元; TTM 扣非归母 22.53亿元",derived_metric,"Mira calculation from quarterly + FY2025 primary figures","final_metrics.py §B",2026-09-30,calculated,"estimate",current,none,use_normally,supports_durable_conclusion,high
M02,"Valuation at 202.31 and 12.222亿 shares: P/E TTM reported 80.4x; P/E TTM 扣非 109.8x; P/E 2026H1 annualised reported 61.9x; P/E 2026H1 annualised 扣非 93.5x; P/S 40.2x; P/B 11.5x; EV 2,338.9亿元; EV/TTM 扣非 103.8x",derived_metric,"Mira calculation","final_metrics.py §B",2026-09-30,calculated,"estimate",current,none,use_normally,supports_durable_conclusion,high
M03,"On consensus 2026E 35.22亿元 the P/E is 70.2x; on 2027E 46.77亿元 it is 52.9x; on 2028E 62.38亿元 it is 39.6x. EV/consensus 2027E = 50.0x",derived_metric,"Mira calculation on F01 consensus","final_metrics.py §B",2026-09-30,calculated,"estimate",current,none,sensitize,supports_working_view,medium
M04,"Reverse DCF (10% discount, 3% terminal, EV 2,338.9亿元): on FY2025 FCF of 17.56亿元 requires ~33-34% flat 10-year FCF growth; on 2026H1 annualised FCF of 21.46亿元 requires ~30%",derived_metric,"Mira calculation","final_metrics.py §E",2026-09-30,calculated,"estimate",current,none,sensitize,supports_durable_conclusion,medium
M05,"Historical delivery: revenue CAGR 2016-2025 = 23.0%; FCF CAGR 2016-2025 = 18.5%; revenue CAGR 2019-2025 = 21.0%. Consensus implies 2025-2028 归母 CAGR of 40.8%",derived_metric,"Mira calculation","final_metrics.py §E",2026-09-30,calculated,"estimate",current,none,sensitize,supports_durable_conclusion,high
T01,"All-time high (forward-adjusted intraday) 332.51 on 2026-07-01; close peak 315.50; 2026-09-30 close is -35.9% below that peak. Max drawdown 2026 = -41.9% (2026-07-01 to 2026-07-17); 2022 drawdown -49.9%; 2020-2022 drawdown -64.1%",derived_metric,"Mira calculation from hithink-finance history","tech.py",2026-09-30,calculated,"estimate",current,none,use_normally,supports_durable_conclusion,high
T02,"Trailing total returns (forward-adjusted, dividend-inclusive): 3M -35.9%, 6M +56.1%, 1Y +31.2%, 2Y +207.0%, 3Y +317.8%; YTD 2026 +72.3%",derived_metric,"Mira calculation","tech.py",2026-09-30,calculated,"estimate",current,none,use_normally,supports_durable_conclusion,high
T03,"Realised annualised volatility 74.9% (250d), 66.2% (500d), 57.3% (full 7y); beta to 科创50 1.36, correlation 0.79",derived_metric,"Mira calculation","relative.py",2026-09-30,calculated,"estimate",current,none,use_normally,supports_durable_conclusion,high
T04,"Price vs MA: MA20 +0.9%, MA60 -4.1%, MA120 -8.0%, MA250 +14.0%; in the 89.1st percentile of the trailing 3-year close distribution",derived_metric,"Mira calculation","tech.py",2026-09-30,calculated,"estimate",current,none,use_normally,supports_working_view,high
T05,"3M relative: 688008 -35.9% vs 芯片概念 -19.9%, 存储芯片 -30.1%, 科创50 -28.9%, 沪深300 -12.1%. 12M relative: 688008 +30.7% vs 存储芯片 index +48.5% — underperformed the memory complex over 12 months",derived_metric,"Mira calculation from index histories","relative.py",2026-09-30,calculated,"estimate",current,none,use_normally,supports_durable_conclusion,high
T06,"20-day average turnover 63.5亿元/day vs 250-day average 94.0亿元/day — liquidity has contracted ~32% from the 12-month norm",derived_metric,"Mira calculation","tech.py",2026-09-30,calculated,"estimate",current,none,use_normally,supports_working_view,high
T07,"The price peak (2026-07-01, 332.90 intraday) preceded the Korean raid disclosure (2026-07-17) by 12 trading days; the two worst days (-17.0% on 07-16, -13.1% on 07-17) straddle the raid date and the disclosure",derived_metric,"Mira calculation; raid date from P17","trace.py; pdftext/2026-07-17_...",2026-09-30,calculated,"inference",current,none,sensitize,supports_working_view,medium
G01,"H1 2026 应收账款 9.75亿元 vs 3.91亿元 a year earlier (+149%) while revenue grew 26.7% — receivables growing far ahead of revenue",derived_metric,"Mira calculation from hithink-finance quarterly balance sheet","metrics.py §C",2026-06-30,calculated,"estimate",current,none,sensitize,blocks_actionability,high
G02,"Inventory turnover 1.2227x for 2026H1 vs 3.3019x FY2025 and 3.6512x FY2024 — a sharp slowdown on a half-year basis",financial_indicator,"hithink-finance financials.indicators report 2026-2","raw/ind_2026-2.json",2026-08-29,verified,"reported_fact",current,none,sensitize,blocks_actionability,high
G03,"2026H1 净利现金含量 66.49% and 经营现金流/收入 39.82%, down from FY2024 119.8% / 46.5%; 经营现金流 13.28亿元 vs 归母净利 19.97亿元",financial_indicator + derived,"hithink-finance financials.indicators 2026-2; 2026年半年度报告","raw/ind_2026-2.json; final_metrics.py",2026-08-29,verified,"reported_fact",current,none,sensitize,blocks_actionability,high
G04,"研发投入占营业收入比例 13.58% in 2026H1 vs 13.56% in 2025H1 (flat yoy) but down from 29.8% in FY2023 and 21.0% in FY2024. FY2025 R&D spend +20% vs revenue +49.9%",company_filing + derived,"2026年半年度报告 主要财务指标; FY2025 业绩快报","pdftext/2026-08-29_...半年度报告.txt L476",2026-08-29,verified,"verified_fact",current,none,sensitize,supports_working_view,high
G05,"Robustness note on the 2026Q2 gross-margin read: the pre-announcement's implied Q2 interconnect GM (~67.4% given) versus the final H1 report is consistent, but the trading-service-derived Q2 total GM of 61.83% was NOT cross-verified against a company figure for the quarter; it is derived from cumulative H1 minus cumulative Q1",open_item,"Mira methodology note","final_metrics.py",2026-10-02,calculated,"estimate",current,none,sensitize,blocks_actionability,medium
G06,"Non-operating line composition below 营业利润 is only partially resolved: 投资收益 2.52亿元 and the fair-value line are known, but a full bridge from 营业利润 20.71亿元 to 利润总额 20.71亿元 at quarterly granularity was not reconstructed",open_item,"Mira source gap","pdftext/2026-08-29_...半年度报告.txt L3717-3724",2026-10-02,unverified,"unknown",current,not_checked,source_gap,blocks_actionability,medium
G07,"Web search and web fetch were unavailable at the harness level in this session (search endpoint HTTP 404 misconfiguration; fetch blocked by SSRF guard on a fake-IP proxy range). All evidence therefore comes from hithink-finance CLI (THS vendor) and CNINFO primary filings",open_item,"Mira environment note","n/a",2026-10-02,verified,"verified_fact",current,none,open_item,blocks_publication,high
G08,"Q2 2026 quarterly gross margin of 61.83% and quarterly 营业利润 of 11.94亿元 are Mira-derived by differencing cumulative YTD figures; the company does not publish single-quarter statements in the pulled data",derived_metric,"Mira calculation","metrics.py §B",2026-09-30,calculated,"estimate",current,none,use_normally,supports_working_view,high
